<?xml version="1.0" encoding="UTF-8"?>
<metadata xml:lang="en"><Esri><CreaDate>20210713</CreaDate><CreaTime>10405200</CreaTime><ArcGISFormat>1.0</ArcGISFormat><SyncOnce>TRUE</SyncOnce><DataProperties><lineage><Process ToolSource="c:\users\jennifer.kester\appdata\local\programs\arcgis\pro\Resources\ArcToolbox\toolboxes\GeoAnalytics Desktop Tools.tbx\ClipLayer" Date="20210713" Time="104052">ClipLayer CRIMS_BALD_EAGLES_3N_24JUNE2021 IRR_TN_TREATY_AREAS_DISSOLVED "\\Server\Users$\jennifer.kester\Desktop\Culture Code Clipped to Treaty Areas\Aviates\CRIMS_BALD_EAGLES_3N_24JUNE2021.shp"</Process></lineage></DataProperties></Esri></metadata>
